mean_fit_time,std_fit_time,mean_score_time,std_score_time,param_depth,param_iterations,param_l2_leaf_reg,param_learning_rate,params,split0_test_score,split1_test_score,mean_test_score,std_test_score,rank_test_score,split0_train_score,split1_train_score,mean_train_score,std_train_score
0.054633498191833496,0.001796126365661621,0.009880900382995605,0.0023041963577270508,3,1,1,0.01,"{'depth': 3, 'iterations': 1, 'l2_leaf_reg': 1, 'learning_rate': 0.01}",0.5867923969416863,0.5718455896232776,0.5793189932824819,0.007473403659204347,151,0.5718455896232776,0.5867923969416863,0.5793189932824819,0.007473403659204347
0.05159401893615723,0.01511693000793457,0.008989095687866211,0.003756284713745117,3,1,1,0.1,"{'depth': 3, 'iterations': 1, 'l2_leaf_reg': 1, 'learning_rate': 0.1}",0.5867923969416863,0.5718455896232776,0.5793189932824819,0.007473403659204347,151,0.5718455896232776,0.5867923969416863,0.5793189932824819,0.007473403659204347
0.06129896640777588,0.0026074647903442383,0.006314754486083984,0.0007429122924804688,3,1,1,0.9,"{'depth': 3, 'iterations': 1, 'l2_leaf_reg': 1, 'learning_rate': 0.9}",0.5867923969416863,0.5718455896232776,0.5793189932824819,0.007473403659204347,151,0.5718455896232776,0.5867923969416863,0.5793189932824819,0.007473403659204347
0.049718379974365234,0.012892007827758789,0.006688952445983887,0.0006831884384155273,3,1,5,0.01,"{'depth': 3, 'iterations': 1, 'l2_leaf_reg': 5, 'learning_rate': 0.01}",0.5867923969416863,0.5718455896232776,0.5793189932824819,0.007473403659204347,151,0.5718455896232776,0.5867923969416863,0.5793189932824819,0.007473403659204347
0.06153750419616699,0.025339841842651367,0.009756922721862793,0.004032015800476074,3,1,5,0.1,"{'depth': 3, 'iterations': 1, 'l2_leaf_reg': 5, 'learning_rate': 0.1}",0.5867923969416863,0.5718455896232776,0.5793189932824819,0.007473403659204347,151,0.5718455896232776,0.5867923969416863,0.5793189932824819,0.007473403659204347
0.03272294998168945,0.002803325653076172,0.005161404609680176,2.9206275939941406e-05,3,1,5,0.9,"{'depth': 3, 'iterations': 1, 'l2_leaf_reg': 5, 'learning_rate': 0.9}",0.5867923969416863,0.5718455896232776,0.5793189932824819,0.007473403659204347,151,0.5718455896232776,0.5867923969416863,0.5793189932824819,0.007473403659204347
0.10771572589874268,0.0345081090927124,0.005971074104309082,0.0006514787673950195,3,1,10,0.01,"{'depth': 3, 'iterations': 1, 'l2_leaf_reg': 10, 'learning_rate': 0.01}",0.5867923969416863,0.5718455896232776,0.5793189932824819,0.007473403659204347,151,0.5718455896232776,0.5867923969416863,0.5793189932824819,0.007473403659204347
0.12881648540496826,0.04565012454986572,0.005198121070861816,0.00021183490753173828,3,1,10,0.1,"{'depth': 3, 'iterations': 1, 'l2_leaf_reg': 10, 'learning_rate': 0.1}",0.5867923969416863,0.5718455896232776,0.5793189932824819,0.007473403659204347,151,0.5718455896232776,0.5867923969416863,0.5793189932824819,0.007473403659204347
0.08543336391448975,0.017058968544006348,0.009488582611083984,0.003980875015258789,3,1,10,0.9,"{'depth': 3, 'iterations': 1, 'l2_leaf_reg': 10, 'learning_rate': 0.9}",0.5867923969416863,0.5718455896232776,0.5793189932824819,0.007473403659204347,151,0.5718455896232776,0.5867923969416863,0.5793189932824819,0.007473403659204347
0.09594464302062988,0.00625920295715332,0.009321808815002441,0.004173636436462402,3,1,15,0.01,"{'depth': 3, 'iterations': 1, 'l2_leaf_reg': 15, 'learning_rate': 0.01}",0.5867923969416863,0.5718455896232776,0.5793189932824819,0.007473403659204347,151,0.5718455896232776,0.5867923969416863,0.5793189932824819,0.007473403659204347
0.1266998052597046,0.023261666297912598,0.005051851272583008,1.4781951904296875e-05,3,1,15,0.1,"{'depth': 3, 'iterations': 1, 'l2_leaf_reg': 15, 'learning_rate': 0.1}",0.5867923969416863,0.5718455896232776,0.5793189932824819,0.007473403659204347,151,0.5718455896232776,0.5867923969416863,0.5793189932824819,0.007473403659204347
0.10544991493225098,0.003563404083251953,0.005399465560913086,2.9087066650390625e-05,3,1,15,0.9,"{'depth': 3, 'iterations': 1, 'l2_leaf_reg': 15, 'learning_rate': 0.9}",0.5867923969416863,0.5718455896232776,0.5793189932824819,0.007473403659204347,151,0.5718455896232776,0.5867923969416863,0.5793189932824819,0.007473403659204347
0.08281326293945312,0.031592369079589844,0.005172252655029297,0.00021696090698242188,3,1,20,0.01,"{'depth': 3, 'iterations': 1, 'l2_leaf_reg': 20, 'learning_rate': 0.01}",0.5867923969416863,0.5718455896232776,0.5793189932824819,0.007473403659204347,151,0.5718455896232776,0.5867923969416863,0.5793189932824819,0.007473403659204347
0.0721055269241333,0.020631909370422363,0.00753474235534668,0.00286102294921875,3,1,20,0.1,"{'depth': 3, 'iterations': 1, 'l2_leaf_reg': 20, 'learning_rate': 0.1}",0.5867923969416863,0.5718455896232776,0.5793189932824819,0.007473403659204347,151,0.5718455896232776,0.5867923969416863,0.5793189932824819,0.007473403659204347
0.0654287338256836,0.0071222782135009766,0.005176544189453125,0.00011587142944335938,3,1,20,0.9,"{'depth': 3, 'iterations': 1, 'l2_leaf_reg': 20, 'learning_rate': 0.9}",0.5867923969416863,0.5718455896232776,0.5793189932824819,0.007473403659204347,151,0.5718455896232776,0.5867923969416863,0.5793189932824819,0.007473403659204347
0.0565873384475708,0.020687222480773926,0.005614876747131348,0.0005239248275756836,3,2,1,0.01,"{'depth': 3, 'iterations': 2, 'l2_leaf_reg': 1, 'learning_rate': 0.01}",0.6502749358662498,0.6732388605740276,0.6617568982201387,0.011481962353888875,41,0.7342483977384067,0.746736314692508,0.7404923562154573,0.006243958477050671
0.08179283142089844,0.036324501037597656,0.004741787910461426,0.0013943910598754883,3,2,1,0.1,"{'depth': 3, 'iterations': 2, 'l2_leaf_reg': 1, 'learning_rate': 0.1}",0.6502749358662498,0.6732388605740276,0.6617568982201387,0.011481962353888875,41,0.7342483977384067,0.746736314692508,0.7404923562154573,0.006243958477050671
0.0675663948059082,0.02216482162475586,0.004049420356750488,0.000603795051574707,3,2,1,0.9,"{'depth': 3, 'iterations': 2, 'l2_leaf_reg': 1, 'learning_rate': 0.9}",0.5805037887831912,0.6978359356039154,0.6391698621935533,0.05866607341036212,82,0.784142778811495,0.7500668714398813,0.7671048251256881,0.01703795368580685
0.02741265296936035,0.0017249584197998047,0.00331723690032959,1.8715858459472656e-05,3,2,5,0.01,"{'depth': 3, 'iterations': 2, 'l2_leaf_reg': 5, 'learning_rate': 0.01}",0.6502749358662498,0.6732388605740276,0.6617568982201387,0.011481962353888875,41,0.7342483977384067,0.7410302510237164,0.7376393243810615,0.00339092664265489
0.045838117599487305,0.013321638107299805,0.004143238067626953,0.000530242919921875,3,2,5,0.1,"{'depth': 3, 'iterations': 2, 'l2_leaf_reg': 5, 'learning_rate': 0.1}",0.6502749358662498,0.6732388605740276,0.6617568982201387,0.011481962353888875,41,0.7342483977384067,0.7410302510237164,0.7376393243810615,0.00339092664265489
0.03810441493988037,0.006974339485168457,0.0058405399322509766,0.0006017684936523438,3,2,5,0.9,"{'depth': 3, 'iterations': 2, 'l2_leaf_reg': 5, 'learning_rate': 0.9}",0.5753470582849676,0.6978359356039154,0.6365914969444415,0.06124443865947393,91,0.783783225017753,0.7500668714398813,0.7669250482288171,0.016858176788935864
0.03512012958526611,0.002199530601501465,0.005111336708068848,0.00026023387908935547,3,2,10,0.01,"{'depth': 3, 'iterations': 2, 'l2_leaf_reg': 10, 'learning_rate': 0.01}",0.6502749358662498,0.6732388605740276,0.6617568982201387,0.011481962353888875,41,0.7342483977384067,0.7318908550388752,0.7330696263886409,0.0011787713497657393
0.035074830055236816,0.0033708810806274414,0.004735589027404785,0.00012767314910888672,3,2,10,0.1,"{'depth': 3, 'iterations': 2, 'l2_leaf_reg': 10, 'learning_rate': 0.1}",0.6502749358662498,0.6732388605740276,0.6617568982201387,0.011481962353888875,41,0.7342483977384067,0.7318908550388752,0.7330696263886409,0.0011787713497657393
0.031734585762023926,0.007109999656677246,0.004134178161621094,0.0006606578826904297,3,2,10,0.9,"{'depth': 3, 'iterations': 2, 'l2_leaf_reg': 10, 'learning_rate': 0.9}",0.6531710526552001,0.6978359356039154,0.6755034941295578,0.022332441474357645,31,0.7797175704950158,0.748832667012543,0.7642751187537794,0.015442451741236374
0.04461550712585449,0.0029692649841308594,0.004364967346191406,0.0008533000946044922,3,2,15,0.01,"{'depth': 3, 'iterations': 2, 'l2_leaf_reg': 15, 'learning_rate': 0.01}",0.6463299697148673,0.6732388605740276,0.6597844151444474,0.01345444542958013,48,0.7333647942902857,0.7318908550388752,0.7326278246645804,0.0007369696257052416
0.03965282440185547,0.01139068603515625,0.0036205053329467773,0.00013744831085205078,3,2,15,0.1,"{'depth': 3, 'iterations': 2, 'l2_leaf_reg': 15, 'learning_rate': 0.1}",0.6463299697148673,0.6732388605740276,0.6597844151444474,0.01345444542958013,48,0.7333647942902857,0.7318908550388752,0.7326278246645804,0.0007369696257052416
0.040888071060180664,6.794929504394531e-05,0.004206299781799316,0.0006171464920043945,3,2,15,0.9,"{'depth': 3, 'iterations': 2, 'l2_leaf_reg': 15, 'learning_rate': 0.9}",0.6531710526552001,0.6978359356039154,0.6755034941295578,0.022332441474357645,31,0.7797175704950158,0.748832667012543,0.7642751187537794,0.015442451741236374
0.03011035919189453,0.001981973648071289,0.005103111267089844,0.00013566017150878906,3,2,20,0.01,"{'depth': 3, 'iterations': 2, 'l2_leaf_reg': 20, 'learning_rate': 0.01}",0.6463299697148673,0.6732388605740276,0.6597844151444474,0.01345444542958013,48,0.7333647942902857,0.7318908550388752,0.7326278246645804,0.0007369696257052416
0.05777180194854736,0.01940619945526123,0.004892706871032715,0.0003007650375366211,3,2,20,0.1,"{'depth': 3, 'iterations': 2, 'l2_leaf_reg': 20, 'learning_rate': 0.1}",0.6463299697148673,0.6732388605740276,0.6597844151444474,0.01345444542958013,48,0.7333647942902857,0.7318908550388752,0.7326278246645804,0.0007369696257052416
0.05963718891143799,0.019338011741638184,0.006469845771789551,0.0013436079025268555,3,2,20,0.9,"{'depth': 3, 'iterations': 2, 'l2_leaf_reg': 20, 'learning_rate': 0.9}",0.6531710526552001,0.6978359356039154,0.6755034941295578,0.022332441474357645,31,0.7797175704950158,0.748832667012543,0.7642751187537794,0.015442451741236374
0.048435091972351074,0.0027283430099487305,0.0059757232666015625,0.0008666515350341797,3,3,1,0.01,"{'depth': 3, 'iterations': 3, 'l2_leaf_reg': 1, 'learning_rate': 0.01}",0.6567529383041403,0.7062939891594532,0.6815234637317967,0.024770525427656453,13,0.8248420210518745,0.768665210155842,0.7967536156038583,0.028088405448016274
0.04015541076660156,0.0005404949188232422,0.005232691764831543,0.00013053417205810547,3,3,1,0.1,"{'depth': 3, 'iterations': 3, 'l2_leaf_reg': 1, 'learning_rate': 0.1}",0.6536571047987663,0.7062939891594532,0.6799755469791098,0.02631844218034346,19,0.8251440462386178,0.768665210155842,0.7969046281972298,0.02823941804138791
0.04177248477935791,0.0043746232986450195,0.0052585601806640625,0.00012636184692382812,3,3,1,0.9,"{'depth': 3, 'iterations': 3, 'l2_leaf_reg': 1, 'learning_rate': 0.9}",0.6724946547728256,0.7199965842389593,0.6962456195058924,0.02375096473306687,3,0.8256573092791846,0.8108368534339606,0.8182470813565725,0.007410227922611978
0.037986159324645996,0.0013750791549682617,0.0049010515213012695,8.165836334228516e-05,3,3,5,0.01,"{'depth': 3, 'iterations': 3, 'l2_leaf_reg': 5, 'learning_rate': 0.01}",0.6459448979335378,0.7062939891594532,0.6761194435464954,0.03017454561295768,27,0.8238415626207876,0.7623846804263257,0.7931131215235566,0.03072844109723094
0.038701534271240234,0.0016078948974609375,0.005431413650512695,8.249282836914062e-05,3,3,5,0.1,"{'depth': 3, 'iterations': 3, 'l2_leaf_reg': 5, 'learning_rate': 0.1}",0.6460211942072278,0.7062939891594532,0.6761575916833404,0.030136397476112686,26,0.8247853913293601,0.7661914156818465,0.7954884035056033,0.029296987823756837
0.0378185510635376,0.0008944272994995117,0.005063414573669434,1.0848045349121094e-05,3,3,5,0.9,"{'depth': 3, 'iterations': 3, 'l2_leaf_reg': 5, 'learning_rate': 0.9}",0.592314900752012,0.7199965842389594,0.6561557424954857,0.06384084174347371,63,0.8369877482044781,0.8098898820369849,0.8234388151207315,0.013548933083746606
0.035834431648254395,0.00023758411407470703,0.004668235778808594,0.00029730796813964844,3,3,10,0.01,"{'depth': 3, 'iterations': 3, 'l2_leaf_reg': 10, 'learning_rate': 0.01}",0.6525072750740971,0.7062939891594532,0.6794006321167751,0.026893357042678034,22,0.8111304371275248,0.7598336920754203,0.7854820646014725,0.025648372526052232
0.03664243221282959,0.004697442054748535,0.005828499794006348,0.0003107786178588867,3,3,10,0.1,"{'depth': 3, 'iterations': 3, 'l2_leaf_reg': 10, 'learning_rate': 0.1}",0.6527047477824712,0.7062939891594532,0.6794993684709623,0.026794620688490978,21,0.8114405522746271,0.760475478377636,0.7859580153261315,0.02548253694849556
0.032634615898132324,0.0025931596755981445,0.004109025001525879,0.0006822347640991211,3,3,10,0.9,"{'depth': 3, 'iterations': 3, 'l2_leaf_reg': 10, 'learning_rate': 0.9}",0.5960974007205959,0.7199965842389593,0.6580469924797776,0.06194959175918169,59,0.8361778532840745,0.8060185193496326,0.8210981863168536,0.015079666967220906
0.030612707138061523,0.006985664367675781,0.005101680755615234,5.0067901611328125e-05,3,3,15,0.01,"{'depth': 3, 'iterations': 3, 'l2_leaf_reg': 15, 'learning_rate': 0.01}",0.6528564427266313,0.7062939891594532,0.6795752159430423,0.026718773216410918,20,0.8026953051263382,0.7591165071027343,0.7809059061145363,0.02178939901180199
0.04658186435699463,0.004291892051696777,0.005015730857849121,0.0001932382583618164,3,3,15,0.1,"{'depth': 3, 'iterations': 3, 'l2_leaf_reg': 15, 'learning_rate': 0.1}",0.6545008518254556,0.7062939891594532,0.6803974204924543,0.025896568666998795,18,0.8098306501631475,0.7591290735478126,0.78447986185548,0.02535078830766746
0.04953122138977051,0.001924753189086914,0.006763815879821777,0.0008713006973266602,3,3,15,0.9,"{'depth': 3, 'iterations': 3, 'l2_leaf_reg': 15, 'learning_rate': 0.9}",0.5882101612274904,0.7199965842389593,0.6541033727332248,0.06589321150573446,64,0.8307198266950715,0.8060185193496326,0.8183691730223521,0.012350653672719425
0.055763959884643555,0.007971763610839844,0.005915284156799316,0.0007356405258178711,3,3,20,0.01,"{'depth': 3, 'iterations': 3, 'l2_leaf_reg': 20, 'learning_rate': 0.01}",0.601044989668587,0.7062939891594532,0.65366948941402,0.052624499745433095,67,0.7990467330043416,0.7565296146230335,0.7777881738136876,0.02125855919065406
0.048934102058410645,0.01769840717315674,0.004852175712585449,0.00020325183868408203,3,3,20,0.1,"{'depth': 3, 'iterations': 3, 'l2_leaf_reg': 20, 'learning_rate': 0.1}",0.601197582215967,0.7062939891594532,0.65374578568771,0.052548203471743105,66,0.8000391014750694,0.7567073400605702,0.7783732207678198,0.02166588070724962
0.04926586151123047,0.0031585693359375,0.005472660064697266,3.647804260253906e-05,3,3,20,0.9,"{'depth': 3, 'iterations': 3, 'l2_leaf_reg': 20, 'learning_rate': 0.9}",0.588159895447177,0.7199965842389593,0.6540782398430681,0.06591834439589117,65,0.8302613956080503,0.8060185193496326,0.8181399574788415,0.01212143812920885
0.04266643524169922,0.003430604934692383,0.005614042282104492,0.0007498264312744141,4,1,1,0.01,"{'depth': 4, 'iterations': 1, 'l2_leaf_reg': 1, 'learning_rate': 0.01}",0.5867923969416863,0.5718455896232776,0.5793189932824819,0.007473403659204347,151,0.5718455896232776,0.5867923969416863,0.5793189932824819,0.007473403659204347
0.046082496643066406,0.0016131401062011719,0.0055735111236572266,0.0008716583251953125,4,1,1,0.1,"{'depth': 4, 'iterations': 1, 'l2_leaf_reg': 1, 'learning_rate': 0.1}",0.5867923969416863,0.5718455896232776,0.5793189932824819,0.007473403659204347,151,0.5718455896232776,0.5867923969416863,0.5793189932824819,0.007473403659204347
0.040709614753723145,0.0003472566604614258,0.004445552825927734,7.152557373046875e-05,4,1,1,0.9,"{'depth': 4, 'iterations': 1, 'l2_leaf_reg': 1, 'learning_rate': 0.9}",0.5867923969416863,0.5718455896232776,0.5793189932824819,0.007473403659204347,151,0.5718455896232776,0.5867923969416863,0.5793189932824819,0.007473403659204347
0.05104851722717285,0.00021767616271972656,0.004733681678771973,0.0003732442855834961,4,1,5,0.01,"{'depth': 4, 'iterations': 1, 'l2_leaf_reg': 5, 'learning_rate': 0.01}",0.5867923969416863,0.5718455896232776,0.5793189932824819,0.007473403659204347,151,0.5718455896232776,0.5867923969416863,0.5793189932824819,0.007473403659204347
0.04661834239959717,0.001769423484802246,0.0042383670806884766,0.0008306503295898438,4,1,5,0.1,"{'depth': 4, 'iterations': 1, 'l2_leaf_reg': 5, 'learning_rate': 0.1}",0.5867923969416863,0.5718455896232776,0.5793189932824819,0.007473403659204347,151,0.5718455896232776,0.5867923969416863,0.5793189932824819,0.007473403659204347
0.04657542705535889,0.006743311882019043,0.010436058044433594,0.0044689178466796875,4,1,5,0.9,"{'depth': 4, 'iterations': 1, 'l2_leaf_reg': 5, 'learning_rate': 0.9}",0.5867923969416863,0.5718455896232776,0.5793189932824819,0.007473403659204347,151,0.5718455896232776,0.5867923969416863,0.5793189932824819,0.007473403659204347
0.0516352653503418,0.01635599136352539,0.004997849464416504,0.0016733407974243164,4,1,10,0.01,"{'depth': 4, 'iterations': 1, 'l2_leaf_reg': 10, 'learning_rate': 0.01}",0.5867923969416863,0.5718455896232776,0.5793189932824819,0.007473403659204347,151,0.5718455896232776,0.5867923969416863,0.5793189932824819,0.007473403659204347
0.07171225547790527,0.04020404815673828,0.005467653274536133,0.0004012584686279297,4,1,10,0.1,"{'depth': 4, 'iterations': 1, 'l2_leaf_reg': 10, 'learning_rate': 0.1}",0.5867923969416863,0.5718455896232776,0.5793189932824819,0.007473403659204347,151,0.5718455896232776,0.5867923969416863,0.5793189932824819,0.007473403659204347
0.033103346824645996,0.00404965877532959,0.005327343940734863,0.0001958608627319336,4,1,10,0.9,"{'depth': 4, 'iterations': 1, 'l2_leaf_reg': 10, 'learning_rate': 0.9}",0.5867923969416863,0.5718455896232776,0.5793189932824819,0.007473403659204347,151,0.5718455896232776,0.5867923969416863,0.5793189932824819,0.007473403659204347
0.07752203941345215,0.035701751708984375,0.004673361778259277,5.042552947998047e-05,4,1,15,0.01,"{'depth': 4, 'iterations': 1, 'l2_leaf_reg': 15, 'learning_rate': 0.01}",0.5867923969416863,0.5718455896232776,0.5793189932824819,0.007473403659204347,151,0.5718455896232776,0.5867923969416863,0.5793189932824819,0.007473403659204347
0.041104912757873535,0.015338778495788574,0.005379319190979004,0.000935673713684082,4,1,15,0.1,"{'depth': 4, 'iterations': 1, 'l2_leaf_reg': 15, 'learning_rate': 0.1}",0.5867923969416863,0.5718455896232776,0.5793189932824819,0.007473403659204347,151,0.5718455896232776,0.5867923969416863,0.5793189932824819,0.007473403659204347
0.04490518569946289,0.0042247772216796875,0.004564523696899414,2.8371810913085938e-05,4,1,15,0.9,"{'depth': 4, 'iterations': 1, 'l2_leaf_reg': 15, 'learning_rate': 0.9}",0.5867923969416863,0.5718455896232776,0.5793189932824819,0.007473403659204347,151,0.5718455896232776,0.5867923969416863,0.5793189932824819,0.007473403659204347
0.048903703689575195,0.018922805786132812,0.00464022159576416,0.00035321712493896484,4,1,20,0.01,"{'depth': 4, 'iterations': 1, 'l2_leaf_reg': 20, 'learning_rate': 0.01}",0.5867923969416863,0.5718455896232776,0.5793189932824819,0.007473403659204347,151,0.5718455896232776,0.5867923969416863,0.5793189932824819,0.007473403659204347
0.04810512065887451,0.0048171281814575195,0.005051970481872559,5.5909156799316406e-05,4,1,20,0.1,"{'depth': 4, 'iterations': 1, 'l2_leaf_reg': 20, 'learning_rate': 0.1}",0.5867923969416863,0.5718455896232776,0.5793189932824819,0.007473403659204347,151,0.5718455896232776,0.5867923969416863,0.5793189932824819,0.007473403659204347
0.04671645164489746,0.009429931640625,0.005091547966003418,3.1828880310058594e-05,4,1,20,0.9,"{'depth': 4, 'iterations': 1, 'l2_leaf_reg': 20, 'learning_rate': 0.9}",0.5867923969416863,0.5718455896232776,0.5793189932824819,0.007473403659204347,151,0.5718455896232776,0.5867923969416863,0.5793189932824819,0.007473403659204347
0.047356605529785156,0.0051500797271728516,0.004727602005004883,0.000537872314453125,4,2,1,0.01,"{'depth': 4, 'iterations': 2, 'l2_leaf_reg': 1, 'learning_rate': 0.01}",0.5949183988912805,0.6895500184271319,0.6422342086592062,0.04731580976792571,77,0.7928565650028314,0.7555112837700773,0.7741839243864543,0.01867264061637708
0.03402519226074219,0.001251220703125,0.0034028291702270508,4.2557716369628906e-05,4,2,1,0.1,"{'depth': 4, 'iterations': 2, 'l2_leaf_reg': 1, 'learning_rate': 0.1}",0.5949183988912805,0.6895500184271319,0.6422342086592062,0.04731580976792571,77,0.7928565650028314,0.7555112837700773,0.7741839243864543,0.01867264061637708
0.05266296863555908,0.0005112886428833008,0.0035763978958129883,1.728534698486328e-05,4,2,1,0.9,"{'depth': 4, 'iterations': 2, 'l2_leaf_reg': 1, 'learning_rate': 0.9}",0.6647519293981211,0.6973235714478332,0.6810377504229772,0.01628582102485604,14,0.7926291472282897,0.7668457684291404,0.7797374578287151,0.012891689399574635
0.07536447048187256,0.016875147819519043,0.005491971969604492,0.0003681182861328125,4,2,5,0.01,"{'depth': 4, 'iterations': 2, 'l2_leaf_reg': 5, 'learning_rate': 0.01}",0.5304731805133932,0.6895500184271319,0.6100115994702626,0.07953841895686936,142,0.7889949572580428,0.7527493586624994,0.7708721579602711,0.01812279929777172
0.0698007345199585,0.02317988872528076,0.0051048994064331055,1.7523765563964844e-05,4,2,5,0.1,"{'depth': 4, 'iterations': 2, 'l2_leaf_reg': 5, 'learning_rate': 0.1}",0.5304731805133932,0.6895500184271319,0.6100115994702626,0.07953841895686936,142,0.7889949572580428,0.7535491231314144,0.7712720401947286,0.017722917063314192
0.03769958019256592,0.0016595125198364258,0.004725813865661621,0.0004042387008666992,4,2,5,0.9,"{'depth': 4, 'iterations': 2, 'l2_leaf_reg': 5, 'learning_rate': 0.9}",0.6595951988998975,0.6973235714478332,0.6784593851738654,0.018864186273967853,24,0.7922695934345477,0.7632912596784066,0.7777804265564772,0.014489166878070558
0.037719130516052246,0.008649706840515137,0.004990577697753906,7.3909759521484375e-06,4,2,10,0.01,"{'depth': 4, 'iterations': 2, 'l2_leaf_reg': 10, 'learning_rate': 0.01}",0.530047716587169,0.6895500184271319,0.6097988675071504,0.07975115091998147,144,0.788881697813014,0.7386139031557934,0.7637478004844037,0.025133897328610266
0.03352224826812744,0.0008028745651245117,0.0057381391525268555,0.00021731853485107422,4,2,10,0.1,"{'depth': 4, 'iterations': 2, 'l2_leaf_reg': 10, 'learning_rate': 0.1}",0.530047716587169,0.6895500184271319,0.6097988675071504,0.07975115091998147,144,0.788881697813014,0.7386139031557934,0.7637478004844037,0.025133897328610266
0.0350874662399292,0.009001851081848145,0.007690072059631348,0.0019878149032592773,4,2,10,0.9,"{'depth': 4, 'iterations': 2, 'l2_leaf_reg': 10, 'learning_rate': 0.9}",0.5768595197104691,0.6973235714478332,0.6370915455791512,0.06023202586868204,88,0.7914731817814092,0.7626961487436247,0.777084665262517,0.01438851651889228
0.029488563537597656,0.0015082359313964844,0.005087494850158691,0.00023281574249267578,4,2,15,0.01,"{'depth': 4, 'iterations': 2, 'l2_leaf_reg': 15, 'learning_rate': 0.01}",0.5247419839544449,0.6895500184271319,0.6071460011907884,0.0824040172363435,149,0.7782254222509866,0.715949421853766,0.7470874220523762,0.031138000198610294
0.035465240478515625,0.00907588005065918,0.005359172821044922,2.4318695068359375e-05,4,2,15,0.1,"{'depth': 4, 'iterations': 2, 'l2_leaf_reg': 15, 'learning_rate': 0.1}",0.526478846184917,0.6895500184271319,0.6080144323060245,0.08153558612110745,147,0.7867297683574683,0.7294323198196176,0.758081044088543,0.02864872426892534
0.032559871673583984,0.0021648406982421875,0.005383610725402832,0.00047338008880615234,4,2,15,0.9,"{'depth': 4, 'iterations': 2, 'l2_leaf_reg': 15, 'learning_rate': 0.9}",0.5768595197104691,0.6973235714478332,0.6370915455791512,0.06023202586868204,88,0.7914731817814092,0.7626961487436247,0.777084665262517,0.01438851651889228
0.02631831169128418,0.004412412643432617,0.004834175109863281,0.0002713203430175781,4,2,20,0.01,"{'depth': 4, 'iterations': 2, 'l2_leaf_reg': 20, 'learning_rate': 0.01}",0.5293781045851368,0.6846187381459609,0.6069984213655488,0.07762031678041204,150,0.7584994022418179,0.7108483427551751,0.7346738724984965,0.023825529743321416
0.03367018699645996,0.003865957260131836,0.004659771919250488,0.00022590160369873047,4,2,20,0.1,"{'depth': 4, 'iterations': 2, 'l2_leaf_reg': 20, 'learning_rate': 0.1}",0.5293781045851368,0.6895500184271319,0.6094640615061344,0.08008595692099757,146,0.7584994022418179,0.715949421853766,0.737224412047792,0.021274990194025956
0.03249192237854004,0.002389192581176758,0.005445957183837891,0.0002815723419189453,4,2,20,0.9,"{'depth': 4, 'iterations': 2, 'l2_leaf_reg': 20, 'learning_rate': 0.9}",0.5738561393367431,0.6973235714478332,0.6355898553922881,0.06173371605554506,92,0.7861823477064963,0.752278565773671,0.7692304567400836,0.01695189096641264
0.02679455280303955,0.0017396211624145508,0.004889249801635742,3.7670135498046875e-05,4,3,1,0.01,"{'depth': 4, 'iterations': 3, 'l2_leaf_reg': 1, 'learning_rate': 0.01}",0.5872232464872298,0.7380879828133287,0.6626556146502792,0.07543236816304943,38,0.841710487285279,0.7913458483158271,0.816528167800553,0.025182319484725935
0.03307187557220459,0.0020254850387573242,0.0058280229568481445,0.0008393526077270508,4,3,1,0.1,"{'depth': 4, 'iterations': 3, 'l2_leaf_reg': 1, 'learning_rate': 0.1}",0.5878120741994726,0.7380879828133287,0.6629500285064006,0.07513795430692805,37,0.8419046463338997,0.7921788241038779,0.8170417352188888,0.024862911115010933
0.023244023323059082,0.0006769895553588867,0.004789471626281738,0.00020682811737060547,4,3,1,0.9,"{'depth': 4, 'iterations': 3, 'l2_leaf_reg': 1, 'learning_rate': 0.9}",0.648421834018803,0.715781265449577,0.68210154973419,0.03367971571538697,6,0.8828393963091803,0.8157076973066517,0.849273546807916,0.03356584950126429
0.026667356491088867,0.0011456012725830078,0.0041882991790771484,0.0008301734924316406,4,3,5,0.01,"{'depth': 4, 'iterations': 3, 'l2_leaf_reg': 5, 'learning_rate': 0.01}",0.5768882430135054,0.737970228945878,0.6574292359796917,0.08054099296618633,61,0.836754038238546,0.7877733875006958,0.8122637128696208,0.024490325368925092
0.03654360771179199,0.003820657730102539,0.00552976131439209,0.0006669759750366211,4,3,5,0.1,"{'depth': 4, 'iterations': 3, 'l2_leaf_reg': 5, 'learning_rate': 0.1}",0.577684417069541,0.7376133718055893,0.6576488944375651,0.07996447736802414,60,0.8362794272308065,0.7879044375707985,0.8120919324008025,0.024187494830003986
0.03628110885620117,0.007188558578491211,0.0055419206619262695,0.0004843473434448242,4,3,5,0.9,"{'depth': 4, 'iterations': 3, 'l2_leaf_reg': 5, 'learning_rate': 0.9}",0.6410650780286479,0.7131987703260253,0.6771319241773366,0.036066846148688714,25,0.8805921850982931,0.8146135189816152,0.8476028520399541,0.032989333058338954
0.03261888027191162,0.005709290504455566,0.0049430131912231445,0.00017011165618896484,4,3,10,0.01,"{'depth': 4, 'iterations': 3, 'l2_leaf_reg': 10, 'learning_rate': 0.01}",0.5237025594258212,0.737970228945878,0.6308363941858497,0.10713383476002841,123,0.8298407176693723,0.7756342015550077,0.80273745961219,0.027103258057182278
0.034819722175598145,0.0026265382766723633,0.004907846450805664,3.9577484130859375e-05,4,3,10,0.1,"{'depth': 4, 'iterations': 3, 'l2_leaf_reg': 10, 'learning_rate': 0.1}",0.5259555435077257,0.737970228945878,0.6319628862268019,0.10600734271907619,100,0.8361203246770759,0.7770245889426055,0.8065724568098407,0.029547867867235178
0.03171670436859131,0.003664851188659668,0.004624605178833008,0.0005645751953125,4,3,10,0.9,"{'depth': 4, 'iterations': 3, 'l2_leaf_reg': 10, 'learning_rate': 0.9}",0.6215597112589962,0.7151309225251462,0.6683453168920712,0.04678560563307499,34,0.8772496831432193,0.8093777994000421,0.8433137412716307,0.033935941871588604
0.03317856788635254,0.0029163360595703125,0.004940509796142578,7.486343383789062e-05,4,3,15,0.01,"{'depth': 4, 'iterations': 3, 'l2_leaf_reg': 15, 'learning_rate': 0.01}",0.525343378111766,0.7369176352146986,0.6311305066632322,0.10578712855146627,107,0.8214010912457641,0.763983311760936,0.7926922015033501,0.028708889742414034
0.03801417350769043,0.0014605522155761719,0.005117535591125488,0.00024116039276123047,4,3,15,0.1,"{'depth': 4, 'iterations': 3, 'l2_leaf_reg': 15, 'learning_rate': 0.1}",0.5241163545101869,0.7366668464435635,0.6303916004768753,0.1062752459666883,124,0.8249013474278422,0.7814026486475814,0.8031519980377118,0.0217493493901304
0.03853201866149902,0.00029921531677246094,0.005393028259277344,1.9073486328125e-05,4,3,15,0.9,"{'depth': 4, 'iterations': 3, 'l2_leaf_reg': 15, 'learning_rate': 0.9}",0.6212859422769321,0.709227049231903,0.6652564957544176,0.04397055347748546,35,0.876935073573695,0.8053951339134243,0.8411651037435597,0.03576996983013536
0.06587672233581543,0.016833782196044922,0.00486147403717041,0.001239180564880371,4,3,20,0.01,"{'depth': 4, 'iterations': 3, 'l2_leaf_reg': 20, 'learning_rate': 0.01}",0.518557497769456,0.7376106751521363,0.6280840864607962,0.10952658869134013,128,0.8192347796384689,0.7538179552957693,0.7865263674671191,0.03270841217134979
0.05452549457550049,0.013125061988830566,0.0034180879592895508,8.90493392944336e-05,4,3,20,0.1,"{'depth': 4, 'iterations': 3, 'l2_leaf_reg': 20, 'learning_rate': 0.1}",0.5192351882004672,0.7366668464435635,0.6279510173220153,0.10871582912154815,129,0.8194891639475412,0.7716735273472772,0.7955813456474092,0.023907818300132
0.04240059852600098,0.0020911693572998047,0.0035268068313598633,7.140636444091797e-05,4,3,20,0.9,"{'depth': 4, 'iterations': 3, 'l2_leaf_reg': 20, 'learning_rate': 0.9}",0.6196370451620083,0.709227049231903,0.6644320471969557,0.04479500203494735,36,0.8699210779422737,0.803331544110915,0.8366263110265943,0.03329476691567934
0.04647469520568848,0.004548072814941406,0.0036754608154296875,0.00026988983154296875,5,1,1,0.01,"{'depth': 5, 'iterations': 1, 'l2_leaf_reg': 1, 'learning_rate': 0.01}",0.5867923969416863,0.5718455896232776,0.5793189932824819,0.007473403659204347,151,0.5718455896232776,0.5867923969416863,0.5793189932824819,0.007473403659204347
0.04438209533691406,0.0010612010955810547,0.00400698184967041,0.0005570650100708008,5,1,1,0.1,"{'depth': 5, 'iterations': 1, 'l2_leaf_reg': 1, 'learning_rate': 0.1}",0.5867923969416863,0.5718455896232776,0.5793189932824819,0.007473403659204347,151,0.5718455896232776,0.5867923969416863,0.5793189932824819,0.007473403659204347
0.0387420654296875,0.009863853454589844,0.004160761833190918,5.4717063903808594e-05,5,1,1,0.9,"{'depth': 5, 'iterations': 1, 'l2_leaf_reg': 1, 'learning_rate': 0.9}",0.5867923969416863,0.5718455896232776,0.5793189932824819,0.007473403659204347,151,0.5718455896232776,0.5867923969416863,0.5793189932824819,0.007473403659204347
0.03910565376281738,0.0019495487213134766,0.0054312944412231445,0.00036203861236572266,5,1,5,0.01,"{'depth': 5, 'iterations': 1, 'l2_leaf_reg': 5, 'learning_rate': 0.01}",0.5867923969416863,0.5718455896232776,0.5793189932824819,0.007473403659204347,151,0.5718455896232776,0.5867923969416863,0.5793189932824819,0.007473403659204347
0.03070211410522461,0.0008261203765869141,0.004254460334777832,0.0009986162185668945,5,1,5,0.1,"{'depth': 5, 'iterations': 1, 'l2_leaf_reg': 5, 'learning_rate': 0.1}",0.5867923969416863,0.5718455896232776,0.5793189932824819,0.007473403659204347,151,0.5718455896232776,0.5867923969416863,0.5793189932824819,0.007473403659204347
0.02908957004547119,0.004570603370666504,0.003840327262878418,0.0002053976058959961,5,1,5,0.9,"{'depth': 5, 'iterations': 1, 'l2_leaf_reg': 5, 'learning_rate': 0.9}",0.5867923969416863,0.5718455896232776,0.5793189932824819,0.007473403659204347,151,0.5718455896232776,0.5867923969416863,0.5793189932824819,0.007473403659204347
0.04833328723907471,0.010450959205627441,0.003696441650390625,0.0003635883331298828,5,1,10,0.01,"{'depth': 5, 'iterations': 1, 'l2_leaf_reg': 10, 'learning_rate': 0.01}",0.5867923969416863,0.5718455896232776,0.5793189932824819,0.007473403659204347,151,0.5718455896232776,0.5867923969416863,0.5793189932824819,0.007473403659204347
0.032689571380615234,0.0007097721099853516,0.004743218421936035,0.00011861324310302734,5,1,10,0.1,"{'depth': 5, 'iterations': 1, 'l2_leaf_reg': 10, 'learning_rate': 0.1}",0.5867923969416863,0.5718455896232776,0.5793189932824819,0.007473403659204347,151,0.5718455896232776,0.5867923969416863,0.5793189932824819,0.007473403659204347
0.038252830505371094,0.003482341766357422,0.004968881607055664,6.961822509765625e-05,5,1,10,0.9,"{'depth': 5, 'iterations': 1, 'l2_leaf_reg': 10, 'learning_rate': 0.9}",0.5867923969416863,0.5718455896232776,0.5793189932824819,0.007473403659204347,151,0.5718455896232776,0.5867923969416863,0.5793189932824819,0.007473403659204347
0.03490340709686279,0.006998419761657715,0.004896044731140137,0.00044858455657958984,5,1,15,0.01,"{'depth': 5, 'iterations': 1, 'l2_leaf_reg': 15, 'learning_rate': 0.01}",0.5867923969416863,0.5718455896232776,0.5793189932824819,0.007473403659204347,151,0.5718455896232776,0.5867923969416863,0.5793189932824819,0.007473403659204347
0.03824424743652344,0.00946807861328125,0.005366086959838867,2.193450927734375e-05,5,1,15,0.1,"{'depth': 5, 'iterations': 1, 'l2_leaf_reg': 15, 'learning_rate': 0.1}",0.5867923969416863,0.5718455896232776,0.5793189932824819,0.007473403659204347,151,0.5718455896232776,0.5867923969416863,0.5793189932824819,0.007473403659204347
0.03576970100402832,0.002475261688232422,0.005215048789978027,7.49826431274414e-05,5,1,15,0.9,"{'depth': 5, 'iterations': 1, 'l2_leaf_reg': 15, 'learning_rate': 0.9}",0.5867923969416863,0.5718455896232776,0.5793189932824819,0.007473403659204347,151,0.5718455896232776,0.5867923969416863,0.5793189932824819,0.007473403659204347
0.03841829299926758,0.0014514923095703125,0.004731655120849609,0.00023293495178222656,5,1,20,0.01,"{'depth': 5, 'iterations': 1, 'l2_leaf_reg': 20, 'learning_rate': 0.01}",0.5867923969416863,0.5718455896232776,0.5793189932824819,0.007473403659204347,151,0.5718455896232776,0.5867923969416863,0.5793189932824819,0.007473403659204347
0.034079909324645996,0.006683230400085449,0.005693793296813965,2.276897430419922e-05,5,1,20,0.1,"{'depth': 5, 'iterations': 1, 'l2_leaf_reg': 20, 'learning_rate': 0.1}",0.5867923969416863,0.5718455896232776,0.5793189932824819,0.007473403659204347,151,0.5718455896232776,0.5867923969416863,0.5793189932824819,0.007473403659204347
0.032468438148498535,0.0015550851821899414,0.0051422119140625,0.0004949569702148438,5,1,20,0.9,"{'depth': 5, 'iterations': 1, 'l2_leaf_reg': 20, 'learning_rate': 0.9}",0.5867923969416863,0.5718455896232776,0.5793189932824819,0.007473403659204347,151,0.5718455896232776,0.5867923969416863,0.5793189932824819,0.007473403659204347
0.08470714092254639,0.03305661678314209,0.003805398941040039,0.00025963783264160156,5,2,1,0.01,"{'depth': 5, 'iterations': 2, 'l2_leaf_reg': 1, 'learning_rate': 0.01}",0.5940495189744344,0.7232204334420984,0.6586349762082664,0.06458545723383202,56,0.8231359383005691,0.7857120417062361,0.8044239900034026,0.018711948297166492
0.0892869234085083,0.031580328941345215,0.004674196243286133,0.00011229515075683594,5,2,1,0.1,"{'depth': 5, 'iterations': 2, 'l2_leaf_reg': 1, 'learning_rate': 0.1}",0.5940495189744344,0.7237957195120854,0.6589226192432599,0.06487310026882553,53,0.8231359383005691,0.786641958642034,0.8048889484713015,0.018246989829267535
0.037750959396362305,0.012165307998657227,0.005683541297912598,0.00014293193817138672,5,2,1,0.9,"{'depth': 5, 'iterations': 2, 'l2_leaf_reg': 1, 'learning_rate': 0.9}",0.6483935595173766,0.7155524993483087,0.6819730294328427,0.03357946991546601,7,0.8399064261251786,0.790630009747971,0.8152682179365749,0.024638208188603794
0.04355120658874512,0.008374214172363281,0.005260944366455078,4.124641418457031e-05,5,2,5,0.01,"{'depth': 5, 'iterations': 2, 'l2_leaf_reg': 5, 'learning_rate': 0.01}",0.5387760102973042,0.7232204334420984,0.6309982218697012,0.09222221157239713,111,0.8106890848457065,0.7740126813382905,0.7923508830919985,0.018338201753707983
0.06577193737030029,0.022364020347595215,0.005739331245422363,0.00012242794036865234,5,2,5,0.1,"{'depth': 5, 'iterations': 2, 'l2_leaf_reg': 5, 'learning_rate': 0.1}",0.5389214220189251,0.7232204334420984,0.6310709277305118,0.09214950571158664,108,0.8124374151677769,0.7740126813382905,0.7932250482530336,0.019212366914743206
0.05890154838562012,0.0166168212890625,0.004479169845581055,0.00010180473327636719,5,2,5,0.9,"{'depth': 5, 'iterations': 2, 'l2_leaf_reg': 5, 'learning_rate': 0.9}",0.6364545390897226,0.7155524993483087,0.6760035192190157,0.03954898012929303,28,0.8379216891837229,0.7882926509633975,0.8131071700735601,0.02481451911016269
0.08705544471740723,0.01566600799560547,0.007278084754943848,0.0008922815322875977,5,2,10,0.01,"{'depth': 5, 'iterations': 2, 'l2_leaf_reg': 10, 'learning_rate': 0.01}",0.5387365157556294,0.7232204334420984,0.6309784745988639,0.0922419588432345,114,0.8007600068315222,0.7526129229730774,0.7766864649022998,0.024073541929222397
0.0738750696182251,0.004427790641784668,0.004217743873596191,0.0007053613662719727,5,2,10,0.1,"{'depth': 5, 'iterations': 2, 'l2_leaf_reg': 10, 'learning_rate': 0.1}",0.5387365157556294,0.7232204334420984,0.6309784745988639,0.0922419588432345,114,0.8012651799117296,0.7526129229730774,0.7769390514424035,0.024326128469326136
0.079231858253479,0.02980220317840576,0.005530357360839844,0.0004296302795410156,5,2,10,0.9,"{'depth': 5, 'iterations': 2, 'l2_leaf_reg': 10, 'learning_rate': 0.9}",0.6415619014108527,0.7193943316344416,0.6804781165226471,0.03891621511179444,15,0.8348466053627448,0.7860360764686135,0.8104413409156792,0.024405264447065644
0.07326459884643555,0.0205380916595459,0.005122661590576172,5.793571472167969e-05,5,2,15,0.01,"{'depth': 5, 'iterations': 2, 'l2_leaf_reg': 15, 'learning_rate': 0.01}",0.5395030689054088,0.7232204334420984,0.6313617511737536,0.09185868226834482,101,0.7758159623906733,0.7526129229730774,0.7642144426818753,0.01160151970879797
0.045001983642578125,0.014101266860961914,0.0054291486740112305,0.00048291683197021484,5,2,15,0.1,"{'depth': 5, 'iterations': 2, 'l2_leaf_reg': 15, 'learning_rate': 0.1}",0.5387365157556294,0.7232204334420984,0.6309784745988639,0.0922419588432345,114,0.8007600068315222,0.7526129229730774,0.7766864649022998,0.024073541929222397
0.05046868324279785,0.004159688949584961,0.005332350730895996,0.0002351999282836914,5,2,15,0.9,"{'depth': 5, 'iterations': 2, 'l2_leaf_reg': 15, 'learning_rate': 0.9}",0.6415403589335755,0.7219849167183525,0.681762637825964,0.0402222788923885,10,0.8338021015919244,0.7827643127321426,0.8082832071620335,0.02551889442989086
0.06815564632415771,0.008880019187927246,0.0056716203689575195,0.00020945072174072266,5,2,20,0.01,"{'depth': 5, 'iterations': 2, 'l2_leaf_reg': 20, 'learning_rate': 0.01}",0.5395030689054088,0.7182891531609272,0.628896111033168,0.08939304212775923,125,0.775086068189377,0.7472461533214012,0.7611661107553891,0.013919957433987884
0.0662078857421875,0.008270263671875,0.005399942398071289,0.0004057884216308594,5,2,20,0.1,"{'depth': 5, 'iterations': 2, 'l2_leaf_reg': 20, 'learning_rate': 0.1}",0.5395030689054088,0.7232204334420984,0.6313617511737536,0.09185868226834482,101,0.7758159623906733,0.7526129229730774,0.7642144426818753,0.01160151970879797
0.027988910675048828,0.0007250308990478516,0.003522157669067383,0.00025725364685058594,5,2,20,0.9,"{'depth': 5, 'iterations': 2, 'l2_leaf_reg': 20, 'learning_rate': 0.9}",0.5511427386592321,0.7234366151605855,0.6372896769099088,0.08614693825067671,85,0.8224833481649272,0.7736303023666207,0.7980568252657739,0.024426522899153258
0.02966129779815674,0.00371396541595459,0.0035592317581176758,6.091594696044922e-05,5,3,1,0.01,"{'depth': 5, 'iterations': 3, 'l2_leaf_reg': 1, 'learning_rate': 0.01}",0.5134685363143334,0.759727727889689,0.6365981321020112,0.12312959578767779,90,0.8638172028512615,0.8160232048384404,0.839920203844851,0.02389699900641057
0.03997635841369629,0.0012507438659667969,0.005109548568725586,0.0002396106719970703,5,3,1,0.1,"{'depth': 5, 'iterations': 3, 'l2_leaf_reg': 1, 'learning_rate': 0.1}",0.5211125253348509,0.7554975775063146,0.6383050514205828,0.11719252608573189,84,0.8656176684734246,0.8238139519854085,0.8447158102294166,0.02090185824400803
0.04775428771972656,0.01668238639831543,0.005576133728027344,0.0002288818359375,5,3,1,0.9,"{'depth': 5, 'iterations': 3, 'l2_leaf_reg': 1, 'learning_rate': 0.9}",0.5977193697389231,0.7758146140639468,0.686766991901435,0.08904762216251183,5,0.8851495294339725,0.8371415645942203,0.8611455470140964,0.024003982419876113
0.05044758319854736,0.0021268129348754883,0.0044400691986083984,0.0008246898651123047,5,3,5,0.01,"{'depth': 5, 'iterations': 3, 'l2_leaf_reg': 5, 'learning_rate': 0.01}",0.5075389694437912,0.7573816393855226,0.6324603044146568,0.12492133497086572,97,0.8607951532148604,0.8129300641427262,0.8368626086787934,0.023932544536067135
0.04867887496948242,0.011754274368286133,0.004252791404724121,0.0008438825607299805,5,3,5,0.1,"{'depth': 5, 'iterations': 3, 'l2_leaf_reg': 5, 'learning_rate': 0.1}",0.6083582119025778,0.7490256092189593,0.6786919105607685,0.07033369865819078,23,0.855741624643817,0.8207558178152697,0.8382487212295433,0.01749290341427362
0.056250929832458496,0.0017925500869750977,0.004419922828674316,0.0005601644515991211,5,3,5,0.9,"{'depth': 5, 'iterations': 3, 'l2_leaf_reg': 5, 'learning_rate': 0.9}",0.6516406391653009,0.7337104153745202,0.6926755272699106,0.041034888104609646,4,0.8828802955532185,0.836734052732394,0.8598071741428062,0.023073121410412234
0.05678200721740723,0.007593870162963867,0.00976419448852539,0.006319999694824219,5,3,10,0.01,"{'depth': 5, 'iterations': 3, 'l2_leaf_reg': 10, 'learning_rate': 0.01}",0.47626467805665307,0.7574041114976315,0.6168343947771423,0.14056971672048924,134,0.8504966336776061,0.799504612782947,0.8250006232302766,0.02549601044732952
0.044417381286621094,0.0008628368377685547,0.005439877510070801,0.0003942251205444336,5,3,10,0.1,"{'depth': 5, 'iterations': 3, 'l2_leaf_reg': 10, 'learning_rate': 0.1}",0.47696301336172153,0.7490256092189593,0.6129943112903404,0.1360312979286189,141,0.8505838254725885,0.8117618335520493,0.8311728295123189,0.019410995960269573
0.031456947326660156,0.005339622497558594,0.004304051399230957,0.0009840726852416992,5,3,10,0.9,"{'depth': 5, 'iterations': 3, 'l2_leaf_reg': 10, 'learning_rate': 0.9}",0.5611438337351603,0.7394138374277521,0.6502788355814562,0.08913500184629591,71,0.879191723071668,0.8344801710472697,0.8568359470594689,0.02235577601219918
0.034279584884643555,0.0032427310943603516,0.0046825408935546875,1.2159347534179688e-05,5,3,15,0.01,"{'depth': 5, 'iterations': 3, 'l2_leaf_reg': 15, 'learning_rate': 0.01}",0.4771209915284208,0.7571137718091849,0.6171173816688029,0.13999639014038207,133,0.8470143551852151,0.7906730947025253,0.8188437249438703,0.028170630241344863
0.03649413585662842,0.0004519224166870117,0.005379796028137207,0.0002878904342651367,5,3,15,0.1,"{'depth': 5, 'iterations': 3, 'l2_leaf_reg': 15, 'learning_rate': 0.1}",0.4802060537951562,0.7501986534710425,0.6152023536330994,0.13499629983794317,137,0.8484471770532769,0.8033387249366741,0.8258929509949755,0.022554226058301374
0.03861570358276367,0.007135629653930664,0.004758715629577637,5.137920379638672e-05,5,3,15,0.9,"{'depth': 5, 'iterations': 3, 'l2_leaf_reg': 15, 'learning_rate': 0.9}",0.4825025716332249,0.7489910021663115,0.6157467868997683,0.13324421526654331,136,0.8761193359041429,0.8394901434190425,0.8578047396615927,0.01831459624255022
0.0318295955657959,0.0005393028259277344,0.004195094108581543,0.0006676912307739258,5,3,20,0.01,"{'depth': 5, 'iterations': 3, 'l2_leaf_reg': 20, 'learning_rate': 0.01}",0.4790014702740742,0.7533860978525649,0.6161937840633196,0.13719231378924537,135,0.846667385774254,0.7905887199998564,0.8186280528870552,0.028039332887198842
0.05014848709106445,0.012825965881347656,0.005581021308898926,0.0007666349411010742,5,3,20,0.1,"{'depth': 5, 'iterations': 3, 'l2_leaf_reg': 20, 'learning_rate': 0.1}",0.5215954358671475,0.7488269557479168,0.6352111958075322,0.11361575994038464,93,0.834018283310412,0.8026350040122864,0.8183266436613492,0.015691639649062783
0.05663037300109863,0.022579193115234375,0.004668712615966797,0.00016808509826660156,5,3,20,0.9,"{'depth': 5, 'iterations': 3, 'l2_leaf_reg': 20, 'learning_rate': 0.9}",0.4791266859232477,0.7496112324605166,0.6143689591918822,0.13524227326863447,138,0.8754901167650945,0.8307097887221542,0.8530999527436243,0.02239016402147015
0.05119931697845459,0.006157279014587402,0.0054972171783447266,4.0531158447265625e-06,6,1,1,0.01,"{'depth': 6, 'iterations': 1, 'l2_leaf_reg': 1, 'learning_rate': 0.01}",0.5867923969416863,0.5718455896232776,0.5793189932824819,0.007473403659204347,151,0.5718455896232776,0.5867923969416863,0.5793189932824819,0.007473403659204347
0.06286263465881348,0.0028967857360839844,0.00514829158782959,0.00016319751739501953,6,1,1,0.1,"{'depth': 6, 'iterations': 1, 'l2_leaf_reg': 1, 'learning_rate': 0.1}",0.5867923969416863,0.5718455896232776,0.5793189932824819,0.007473403659204347,151,0.5718455896232776,0.5867923969416863,0.5793189932824819,0.007473403659204347
0.03801071643829346,0.007135510444641113,0.005760669708251953,0.0005249977111816406,6,1,1,0.9,"{'depth': 6, 'iterations': 1, 'l2_leaf_reg': 1, 'learning_rate': 0.9}",0.5867923969416863,0.5718455896232776,0.5793189932824819,0.007473403659204347,151,0.5718455896232776,0.5867923969416863,0.5793189932824819,0.007473403659204347
0.02864372730255127,0.00015056133270263672,0.005026817321777344,2.765655517578125e-05,6,1,5,0.01,"{'depth': 6, 'iterations': 1, 'l2_leaf_reg': 5, 'learning_rate': 0.01}",0.5867923969416863,0.5718455896232776,0.5793189932824819,0.007473403659204347,151,0.5718455896232776,0.5867923969416863,0.5793189932824819,0.007473403659204347
0.04993844032287598,0.005397796630859375,0.005103588104248047,0.0002644062042236328,6,1,5,0.1,"{'depth': 6, 'iterations': 1, 'l2_leaf_reg': 5, 'learning_rate': 0.1}",0.5867923969416863,0.5718455896232776,0.5793189932824819,0.007473403659204347,151,0.5718455896232776,0.5867923969416863,0.5793189932824819,0.007473403659204347
0.03538250923156738,0.010099411010742188,0.004740357398986816,0.00011670589447021484,6,1,5,0.9,"{'depth': 6, 'iterations': 1, 'l2_leaf_reg': 5, 'learning_rate': 0.9}",0.5867923969416863,0.5718455896232776,0.5793189932824819,0.007473403659204347,151,0.5718455896232776,0.5867923969416863,0.5793189932824819,0.007473403659204347
0.04924416542053223,0.0005536079406738281,0.004771709442138672,3.24249267578125e-05,6,1,10,0.01,"{'depth': 6, 'iterations': 1, 'l2_leaf_reg': 10, 'learning_rate': 0.01}",0.5867923969416863,0.5718455896232776,0.5793189932824819,0.007473403659204347,151,0.5718455896232776,0.5867923969416863,0.5793189932824819,0.007473403659204347
0.039293646812438965,0.0037900209426879883,0.004794716835021973,0.00036847591400146484,6,1,10,0.1,"{'depth': 6, 'iterations': 1, 'l2_leaf_reg': 10, 'learning_rate': 0.1}",0.5867923969416863,0.5718455896232776,0.5793189932824819,0.007473403659204347,151,0.5718455896232776,0.5867923969416863,0.5793189932824819,0.007473403659204347
0.029358744621276855,0.004792332649230957,0.0045511722564697266,0.0003352165222167969,6,1,10,0.9,"{'depth': 6, 'iterations': 1, 'l2_leaf_reg': 10, 'learning_rate': 0.9}",0.5867923969416863,0.5718455896232776,0.5793189932824819,0.007473403659204347,151,0.5718455896232776,0.5867923969416863,0.5793189932824819,0.007473403659204347
0.03503763675689697,0.007926344871520996,0.004029273986816406,0.0006434917449951172,6,1,15,0.01,"{'depth': 6, 'iterations': 1, 'l2_leaf_reg': 15, 'learning_rate': 0.01}",0.5867923969416863,0.5718455896232776,0.5793189932824819,0.007473403659204347,151,0.5718455896232776,0.5867923969416863,0.5793189932824819,0.007473403659204347
0.04977130889892578,0.010379552841186523,0.004923820495605469,0.00016045570373535156,6,1,15,0.1,"{'depth': 6, 'iterations': 1, 'l2_leaf_reg': 15, 'learning_rate': 0.1}",0.5867923969416863,0.5718455896232776,0.5793189932824819,0.007473403659204347,151,0.5718455896232776,0.5867923969416863,0.5793189932824819,0.007473403659204347
0.04845988750457764,0.014776825904846191,0.00453948974609375,0.0012695789337158203,6,1,15,0.9,"{'depth': 6, 'iterations': 1, 'l2_leaf_reg': 15, 'learning_rate': 0.9}",0.5867923969416863,0.5718455896232776,0.5793189932824819,0.007473403659204347,151,0.5718455896232776,0.5867923969416863,0.5793189932824819,0.007473403659204347
0.03350865840911865,0.006616473197937012,0.004821181297302246,0.00029861927032470703,6,1,20,0.01,"{'depth': 6, 'iterations': 1, 'l2_leaf_reg': 20, 'learning_rate': 0.01}",0.5867923969416863,0.5718455896232776,0.5793189932824819,0.007473403659204347,151,0.5718455896232776,0.5867923969416863,0.5793189932824819,0.007473403659204347
0.030840039253234863,0.004554390907287598,0.007154941558837891,0.0023317337036132812,6,1,20,0.1,"{'depth': 6, 'iterations': 1, 'l2_leaf_reg': 20, 'learning_rate': 0.1}",0.5867923969416863,0.5718455896232776,0.5793189932824819,0.007473403659204347,151,0.5718455896232776,0.5867923969416863,0.5793189932824819,0.007473403659204347
0.03905665874481201,0.01112830638885498,0.005379796028137207,0.00022900104522705078,6,1,20,0.9,"{'depth': 6, 'iterations': 1, 'l2_leaf_reg': 20, 'learning_rate': 0.9}",0.5867923969416863,0.5718455896232776,0.5793189932824819,0.007473403659204347,151,0.5718455896232776,0.5867923969416863,0.5793189932824819,0.007473403659204347
0.054868459701538086,0.00014090538024902344,0.0052765607833862305,0.0005458593368530273,6,2,1,0.01,"{'depth': 6, 'iterations': 2, 'l2_leaf_reg': 1, 'learning_rate': 0.01}",0.5940495189744344,0.7232204334420984,0.6586349762082664,0.06458545723383202,56,0.8231359383005691,0.7857120417062361,0.8044239900034026,0.018711948297166492
0.028613924980163574,0.003514409065246582,0.003999471664428711,0.0007309913635253906,6,2,1,0.1,"{'depth': 6, 'iterations': 2, 'l2_leaf_reg': 1, 'learning_rate': 0.1}",0.5940495189744344,0.7237957195120854,0.6589226192432599,0.06487310026882553,53,0.8231359383005691,0.786641958642034,0.8048889484713015,0.018246989829267535
0.046177029609680176,0.0061043500900268555,0.005268096923828125,0.0007021427154541016,6,2,1,0.9,"{'depth': 6, 'iterations': 2, 'l2_leaf_reg': 1, 'learning_rate': 0.9}",0.6483935595173766,0.7155524993483087,0.6819730294328427,0.03357946991546601,7,0.8399064261251786,0.790630009747971,0.8152682179365749,0.024638208188603794
0.02877187728881836,0.00396275520324707,0.004752516746520996,0.0011614561080932617,6,2,5,0.01,"{'depth': 6, 'iterations': 2, 'l2_leaf_reg': 5, 'learning_rate': 0.01}",0.5387760102973042,0.7232204334420984,0.6309982218697012,0.09222221157239713,111,0.8106890848457065,0.7740126813382905,0.7923508830919985,0.018338201753707983
0.0325932502746582,0.0007650852203369141,0.0035431385040283203,6.198883056640625e-06,6,2,5,0.1,"{'depth': 6, 'iterations': 2, 'l2_leaf_reg': 5, 'learning_rate': 0.1}",0.5389214220189251,0.7232204334420984,0.6310709277305118,0.09214950571158664,108,0.8124374151677769,0.7740126813382905,0.7932250482530336,0.019212366914743206
0.048589468002319336,0.015848398208618164,0.004114270210266113,0.0006371736526489258,6,2,5,0.9,"{'depth': 6, 'iterations': 2, 'l2_leaf_reg': 5, 'learning_rate': 0.9}",0.6364545390897226,0.7155524993483087,0.6760035192190157,0.03954898012929303,28,0.8379216891837229,0.7882926509633975,0.8131071700735601,0.02481451911016269
0.056792616844177246,0.007333874702453613,0.0040978193283081055,0.0005320310592651367,6,2,10,0.01,"{'depth': 6, 'iterations': 2, 'l2_leaf_reg': 10, 'learning_rate': 0.01}",0.5387365157556294,0.7232204334420984,0.6309784745988639,0.0922419588432345,114,0.8007600068315222,0.7526129229730774,0.7766864649022998,0.024073541929222397
0.04652369022369385,0.025355219841003418,0.0032999515533447266,4.458427429199219e-05,6,2,10,0.1,"{'depth': 6, 'iterations': 2, 'l2_leaf_reg': 10, 'learning_rate': 0.1}",0.5387365157556294,0.7232204334420984,0.6309784745988639,0.0922419588432345,114,0.8012651799117296,0.7526129229730774,0.7769390514424035,0.024326128469326136
0.04624807834625244,0.02205479145050049,0.005469560623168945,0.00025582313537597656,6,2,10,0.9,"{'depth': 6, 'iterations': 2, 'l2_leaf_reg': 10, 'learning_rate': 0.9}",0.6415619014108527,0.7193943316344416,0.6804781165226471,0.03891621511179444,15,0.8348466053627448,0.7860360764686135,0.8104413409156792,0.024405264447065644
0.03657209873199463,0.017621874809265137,0.004136204719543457,0.0006324052810668945,6,2,15,0.01,"{'depth': 6, 'iterations': 2, 'l2_leaf_reg': 15, 'learning_rate': 0.01}",0.5395030689054088,0.7232204334420984,0.6313617511737536,0.09185868226834482,101,0.7758159623906733,0.7526129229730774,0.7642144426818753,0.01160151970879797
0.025726914405822754,0.0027109384536743164,0.0041075944900512695,0.0006986856460571289,6,2,15,0.1,"{'depth': 6, 'iterations': 2, 'l2_leaf_reg': 15, 'learning_rate': 0.1}",0.5387365157556294,0.7232204334420984,0.6309784745988639,0.0922419588432345,114,0.8007600068315222,0.7526129229730774,0.7766864649022998,0.024073541929222397
0.03001093864440918,0.00674748420715332,0.0054656267166137695,0.0003458261489868164,6,2,15,0.9,"{'depth': 6, 'iterations': 2, 'l2_leaf_reg': 15, 'learning_rate': 0.9}",0.6415403589335755,0.7219849167183525,0.681762637825964,0.0402222788923885,10,0.8338021015919244,0.7827643127321426,0.8082832071620335,0.02551889442989086
0.036301374435424805,0.009222984313964844,0.005353093147277832,0.00043022632598876953,6,2,20,0.01,"{'depth': 6, 'iterations': 2, 'l2_leaf_reg': 20, 'learning_rate': 0.01}",0.5395030689054088,0.7182891531609272,0.628896111033168,0.08939304212775923,125,0.775086068189377,0.7472461533214012,0.7611661107553891,0.013919957433987884
0.02805018424987793,0.0010938644409179688,0.004388332366943359,0.0009410381317138672,6,2,20,0.1,"{'depth': 6, 'iterations': 2, 'l2_leaf_reg': 20, 'learning_rate': 0.1}",0.5395030689054088,0.7232204334420984,0.6313617511737536,0.09185868226834482,101,0.7758159623906733,0.7526129229730774,0.7642144426818753,0.01160151970879797
0.02994096279144287,0.006733536720275879,0.00408780574798584,0.0007187128067016602,6,2,20,0.9,"{'depth': 6, 'iterations': 2, 'l2_leaf_reg': 20, 'learning_rate': 0.9}",0.5511427386592321,0.7234366151605855,0.6372896769099088,0.08614693825067671,85,0.8224833481649272,0.7736303023666207,0.7980568252657739,0.024426522899153258
0.03487956523895264,0.006249547004699707,0.004868745803833008,1.5735626220703125e-05,6,3,1,0.01,"{'depth': 6, 'iterations': 3, 'l2_leaf_reg': 1, 'learning_rate': 0.01}",0.5508146646823652,0.739269117025771,0.645041890854068,0.09422722617170293,75,0.8558589290690254,0.8159491525728001,0.8359040408209127,0.019954888248112645
0.03456771373748779,0.0061179399490356445,0.005165696144104004,9.894371032714844e-06,6,3,1,0.1,"{'depth': 6, 'iterations': 3, 'l2_leaf_reg': 1, 'learning_rate': 0.1}",0.5384003633497835,0.7319247813463492,0.6351625723480663,0.09676220899828286,94,0.8668073420884682,0.8026861673958197,0.8347467547421439,0.032060587346324276
0.033414244651794434,0.002852797508239746,0.005368709564208984,9.822845458984375e-05,6,3,1,0.9,"{'depth': 6, 'iterations': 3, 'l2_leaf_reg': 1, 'learning_rate': 0.9}",0.6716612301831649,0.7513815854524535,0.7115214078178091,0.03986017763464428,2,0.8846430080270384,0.8569660293085403,0.8708045186677893,0.013838489359249084
0.0361018180847168,0.0024166107177734375,0.005358338356018066,0.00036013126373291016,6,3,5,0.01,"{'depth': 6, 'iterations': 3, 'l2_leaf_reg': 5, 'learning_rate': 0.01}",0.547866038105052,0.7364286420552095,0.6421473400801307,0.09428130197507878,79,0.845808501649453,0.8100061216539595,0.8279073116517062,0.017901189997746758
0.06048929691314697,0.024228215217590332,0.005579829216003418,9.644031524658203e-05,6,3,5,0.1,"{'depth': 6, 'iterations': 3, 'l2_leaf_reg': 5, 'learning_rate': 0.1}",0.5496904166494627,0.7314007316919702,0.6405455741707164,0.09085515752125373,81,0.8535020539510468,0.7963284437893936,0.8249152488702203,0.028586805080826616
0.058599114418029785,0.023038029670715332,0.005309939384460449,0.0003134012222290039,6,3,5,0.9,"{'depth': 6, 'iterations': 3, 'l2_leaf_reg': 5, 'learning_rate': 0.9}",0.5398477485418436,0.7240806658936261,0.6319642072177348,0.09211645867589124,99,0.8789409343005331,0.8541085094580452,0.8665247218792891,0.012416212421243966
0.03547787666320801,0.002035379409790039,0.0060482025146484375,0.0008931159973144531,6,3,10,0.01,"{'depth': 6, 'iterations': 3, 'l2_leaf_reg': 10, 'learning_rate': 0.01}",0.5494682598525418,0.7158805921850983,0.63267442601882,0.08320616616627824,96,0.8376726981815567,0.7847785343575584,0.8112256162695575,0.026447081911999126
0.030748844146728516,0.012530326843261719,0.004896879196166992,0.000431060791015625,6,3,10,0.1,"{'depth': 6, 'iterations': 3, 'l2_leaf_reg': 10, 'learning_rate': 0.1}",0.5463567182908199,0.7307076917545325,0.6385322050226763,0.09217548673185633,83,0.8462822137727081,0.7855715668023245,0.8159268902875163,0.030355323485191765
0.03906989097595215,0.006694793701171875,0.003640294075012207,5.0902366638183594e-05,6,3,10,0.9,"{'depth': 6, 'iterations': 3, 'l2_leaf_reg': 10, 'learning_rate': 0.9}",0.5027578858930882,0.7236824600670568,0.6132201729800726,0.1104622870869843,140,0.8740370699961347,0.8495801012137392,0.8618085856049369,0.01222848439119778
0.05095994472503662,0.01098644733428955,0.00507807731628418,0.0016188621520996094,6,3,15,0.01,"{'depth': 6, 'iterations': 3, 'l2_leaf_reg': 15, 'learning_rate': 0.01}",0.5481793016287908,0.7158805921850983,0.6320299469069446,0.08385064527815372,98,0.8265948457963668,0.7818137509222873,0.804204298359327,0.02239054743703972
0.049039483070373535,0.007526278495788574,0.008649706840515137,0.0021027326583862305,6,3,15,0.1,"{'depth': 6, 'iterations': 3, 'l2_leaf_reg': 15, 'learning_rate': 0.1}",0.5153265749794897,0.7314438781472192,0.6233852265633545,0.10805865158386474,131,0.8427522944026462,0.7705582553465735,0.8066552748746099,0.036097019528036345
0.03728032112121582,0.003852367401123047,0.0036268234252929688,1.1920928955078125e-05,6,3,15,0.9,"{'depth': 6, 'iterations': 3, 'l2_leaf_reg': 15, 'learning_rate': 0.9}",0.5264577525092499,0.7244411185718524,0.6254494355405511,0.09899168303130129,130,0.8727570584904134,0.8469528165891438,0.8598549375397786,0.01290212095063481
0.049593567848205566,0.02002394199371338,0.008302688598632812,0.002850055694580078,6,3,20,0.01,"{'depth': 6, 'iterations': 3, 'l2_leaf_reg': 20, 'learning_rate': 0.01}",0.59072838706087,0.7155929491501047,0.6531606681054873,0.062432281044617344,68,0.81201493946013,0.7686127003674788,0.7903138199138044,0.021701119546325642
0.0475081205368042,0.0033322572708129883,0.005681753158569336,0.0002830028533935547,6,3,20,0.1,"{'depth': 6, 'iterations': 3, 'l2_leaf_reg': 20, 'learning_rate': 0.1}",0.5119910814144073,0.7158805921850983,0.6139358367997527,0.10194475538534548,139,0.8241714532265458,0.7749524719095072,0.7995619625680266,0.024609490658519306
0.05808055400848389,0.010602831840515137,0.015319585800170898,0.0019373893737792969,6,3,20,0.9,"{'depth': 6, 'iterations': 3, 'l2_leaf_reg': 20, 'learning_rate': 0.9}",0.4941983415882909,0.7208446817499483,0.6075215116691196,0.1133231700808287,148,0.8693044431860062,0.8451863334524152,0.8572453883192107,0.012059054866795482
0.042661428451538086,0.004218339920043945,0.017963886260986328,0.0020530223846435547,7,1,1,0.01,"{'depth': 7, 'iterations': 1, 'l2_leaf_reg': 1, 'learning_rate': 0.01}",0.5867923969416863,0.5718455896232776,0.5793189932824819,0.007473403659204347,151,0.5718455896232776,0.5867923969416863,0.5793189932824819,0.007473403659204347
0.05668604373931885,0.0010868310928344727,0.012103796005249023,0.0048177242279052734,7,1,1,0.1,"{'depth': 7, 'iterations': 1, 'l2_leaf_reg': 1, 'learning_rate': 0.1}",0.5867923969416863,0.5718455896232776,0.5793189932824819,0.007473403659204347,151,0.5718455896232776,0.5867923969416863,0.5793189932824819,0.007473403659204347
0.07387924194335938,0.007627964019775391,0.005657792091369629,0.0005789995193481445,7,1,1,0.9,"{'depth': 7, 'iterations': 1, 'l2_leaf_reg': 1, 'learning_rate': 0.9}",0.5867923969416863,0.5718455896232776,0.5793189932824819,0.007473403659204347,151,0.5718455896232776,0.5867923969416863,0.5793189932824819,0.007473403659204347
0.05274665355682373,0.0032373666763305664,0.0070160627365112305,0.0007861852645874023,7,1,5,0.01,"{'depth': 7, 'iterations': 1, 'l2_leaf_reg': 5, 'learning_rate': 0.01}",0.5867923969416863,0.5718455896232776,0.5793189932824819,0.007473403659204347,151,0.5718455896232776,0.5867923969416863,0.5793189932824819,0.007473403659204347
0.028560876846313477,0.002890348434448242,0.0065577030181884766,0.0016083717346191406,7,1,5,0.1,"{'depth': 7, 'iterations': 1, 'l2_leaf_reg': 5, 'learning_rate': 0.1}",0.5867923969416863,0.5718455896232776,0.5793189932824819,0.007473403659204347,151,0.5718455896232776,0.5867923969416863,0.5793189932824819,0.007473403659204347
0.07985985279083252,0.015440106391906738,0.009882450103759766,0.004327297210693359,7,1,5,0.9,"{'depth': 7, 'iterations': 1, 'l2_leaf_reg': 5, 'learning_rate': 0.9}",0.5867923969416863,0.5718455896232776,0.5793189932824819,0.007473403659204347,151,0.5718455896232776,0.5867923969416863,0.5793189932824819,0.007473403659204347
0.03657102584838867,0.0015003681182861328,0.00699925422668457,0.0019309520721435547,7,1,10,0.01,"{'depth': 7, 'iterations': 1, 'l2_leaf_reg': 10, 'learning_rate': 0.01}",0.5867923969416863,0.5718455896232776,0.5793189932824819,0.007473403659204347,151,0.5718455896232776,0.5867923969416863,0.5793189932824819,0.007473403659204347
0.048738837242126465,0.01881420612335205,0.005376935005187988,0.0002244710922241211,7,1,10,0.1,"{'depth': 7, 'iterations': 1, 'l2_leaf_reg': 10, 'learning_rate': 0.1}",0.5867923969416863,0.5718455896232776,0.5793189932824819,0.007473403659204347,151,0.5718455896232776,0.5867923969416863,0.5793189932824819,0.007473403659204347
0.029868006706237793,0.0038977861404418945,0.007459402084350586,0.0019409656524658203,7,1,10,0.9,"{'depth': 7, 'iterations': 1, 'l2_leaf_reg': 10, 'learning_rate': 0.9}",0.5867923969416863,0.5718455896232776,0.5793189932824819,0.007473403659204347,151,0.5718455896232776,0.5867923969416863,0.5793189932824819,0.007473403659204347
0.048046112060546875,0.008249998092651367,0.00593113899230957,7.200241088867188e-05,7,1,15,0.01,"{'depth': 7, 'iterations': 1, 'l2_leaf_reg': 15, 'learning_rate': 0.01}",0.5867923969416863,0.5718455896232776,0.5793189932824819,0.007473403659204347,151,0.5718455896232776,0.5867923969416863,0.5793189932824819,0.007473403659204347
0.04819774627685547,0.003673553466796875,0.012004375457763672,0.006486415863037109,7,1,15,0.1,"{'depth': 7, 'iterations': 1, 'l2_leaf_reg': 15, 'learning_rate': 0.1}",0.5867923969416863,0.5718455896232776,0.5793189932824819,0.007473403659204347,151,0.5718455896232776,0.5867923969416863,0.5793189932824819,0.007473403659204347
0.05148041248321533,0.0096513032913208,0.008713364601135254,0.0025049448013305664,7,1,15,0.9,"{'depth': 7, 'iterations': 1, 'l2_leaf_reg': 15, 'learning_rate': 0.9}",0.5867923969416863,0.5718455896232776,0.5793189932824819,0.007473403659204347,151,0.5718455896232776,0.5867923969416863,0.5793189932824819,0.007473403659204347
0.04570114612579346,0.0014671087265014648,0.005632758140563965,0.0004907846450805664,7,1,20,0.01,"{'depth': 7, 'iterations': 1, 'l2_leaf_reg': 20, 'learning_rate': 0.01}",0.5867923969416863,0.5718455896232776,0.5793189932824819,0.007473403659204347,151,0.5718455896232776,0.5867923969416863,0.5793189932824819,0.007473403659204347
0.04985606670379639,0.011085152626037598,0.005877852439880371,0.0002557039260864258,7,1,20,0.1,"{'depth': 7, 'iterations': 1, 'l2_leaf_reg': 20, 'learning_rate': 0.1}",0.5867923969416863,0.5718455896232776,0.5793189932824819,0.007473403659204347,151,0.5718455896232776,0.5867923969416863,0.5793189932824819,0.007473403659204347
0.05215620994567871,0.003888845443725586,0.006651759147644043,0.00018203258514404297,7,1,20,0.9,"{'depth': 7, 'iterations': 1, 'l2_leaf_reg': 20, 'learning_rate': 0.9}",0.5867923969416863,0.5718455896232776,0.5793189932824819,0.007473403659204347,151,0.5718455896232776,0.5867923969416863,0.5793189932824819,0.007473403659204347
0.06353843212127686,0.0012186765670776367,0.006827116012573242,0.00021767616271972656,7,2,1,0.01,"{'depth': 7, 'iterations': 2, 'l2_leaf_reg': 1, 'learning_rate': 0.01}",0.5940495189744344,0.7232204334420984,0.6586349762082664,0.06458545723383202,56,0.8231359383005691,0.7857120417062361,0.8044239900034026,0.018711948297166492
0.06759524345397949,0.0038785934448242188,0.008939743041992188,0.0013604164123535156,7,2,1,0.1,"{'depth': 7, 'iterations': 2, 'l2_leaf_reg': 1, 'learning_rate': 0.1}",0.5940495189744344,0.7237957195120854,0.6589226192432599,0.06487310026882553,53,0.8231359383005691,0.786641958642034,0.8048889484713015,0.018246989829267535
0.045104026794433594,0.004118919372558594,0.007418274879455566,0.0010486841201782227,7,2,1,0.9,"{'depth': 7, 'iterations': 2, 'l2_leaf_reg': 1, 'learning_rate': 0.9}",0.6483935595173766,0.7155524993483087,0.6819730294328427,0.03357946991546601,7,0.8399064261251786,0.790630009747971,0.8152682179365749,0.024638208188603794
0.06338703632354736,0.006578803062438965,0.011016607284545898,0.002989530563354492,7,2,5,0.01,"{'depth': 7, 'iterations': 2, 'l2_leaf_reg': 5, 'learning_rate': 0.01}",0.5387760102973042,0.7232204334420984,0.6309982218697012,0.09222221157239713,111,0.8106890848457065,0.7740126813382905,0.7923508830919985,0.018338201753707983
0.05839431285858154,0.0022372007369995117,0.005960822105407715,0.0010672807693481445,7,2,5,0.1,"{'depth': 7, 'iterations': 2, 'l2_leaf_reg': 5, 'learning_rate': 0.1}",0.5389214220189251,0.7232204334420984,0.6310709277305118,0.09214950571158664,108,0.8124374151677769,0.7740126813382905,0.7932250482530336,0.019212366914743206
0.07403624057769775,0.0025156736373901367,0.006140947341918945,0.001081705093383789,7,2,5,0.9,"{'depth': 7, 'iterations': 2, 'l2_leaf_reg': 5, 'learning_rate': 0.9}",0.6364545390897226,0.7155524993483087,0.6760035192190157,0.03954898012929303,28,0.8379216891837229,0.7882926509633975,0.8131071700735601,0.02481451911016269
0.0463176965713501,0.005706906318664551,0.0114060640335083,0.002077460289001465,7,2,10,0.01,"{'depth': 7, 'iterations': 2, 'l2_leaf_reg': 10, 'learning_rate': 0.01}",0.5387365157556294,0.7232204334420984,0.6309784745988639,0.0922419588432345,114,0.8007600068315222,0.7526129229730774,0.7766864649022998,0.024073541929222397
0.05685007572174072,0.0032705068588256836,0.009807825088500977,0.002646923065185547,7,2,10,0.1,"{'depth': 7, 'iterations': 2, 'l2_leaf_reg': 10, 'learning_rate': 0.1}",0.5387365157556294,0.7232204334420984,0.6309784745988639,0.0922419588432345,114,0.8012651799117296,0.7526129229730774,0.7769390514424035,0.024326128469326136
0.044548630714416504,0.014528632164001465,0.006024599075317383,0.00015020370483398438,7,2,10,0.9,"{'depth': 7, 'iterations': 2, 'l2_leaf_reg': 10, 'learning_rate': 0.9}",0.6415619014108527,0.7193943316344416,0.6804781165226471,0.03891621511179444,15,0.8348466053627448,0.7860360764686135,0.8104413409156792,0.024405264447065644
0.04049110412597656,0.004456996917724609,0.007270455360412598,0.002270817756652832,7,2,15,0.01,"{'depth': 7, 'iterations': 2, 'l2_leaf_reg': 15, 'learning_rate': 0.01}",0.5395030689054088,0.7232204334420984,0.6313617511737536,0.09185868226834482,101,0.7758159623906733,0.7526129229730774,0.7642144426818753,0.01160151970879797
0.05626952648162842,0.0014902353286743164,0.005396842956542969,7.557868957519531e-05,7,2,15,0.1,"{'depth': 7, 'iterations': 2, 'l2_leaf_reg': 15, 'learning_rate': 0.1}",0.5387365157556294,0.7232204334420984,0.6309784745988639,0.0922419588432345,114,0.8007600068315222,0.7526129229730774,0.7766864649022998,0.024073541929222397
0.043147921562194824,0.0012565851211547852,0.005827903747558594,0.00018143653869628906,7,2,15,0.9,"{'depth': 7, 'iterations': 2, 'l2_leaf_reg': 15, 'learning_rate': 0.9}",0.6415403589335755,0.7219849167183525,0.681762637825964,0.0402222788923885,10,0.8338021015919244,0.7827643127321426,0.8082832071620335,0.02551889442989086
0.05520749092102051,0.00044155120849609375,0.007146000862121582,0.0015848875045776367,7,2,20,0.01,"{'depth': 7, 'iterations': 2, 'l2_leaf_reg': 20, 'learning_rate': 0.01}",0.5395030689054088,0.7182891531609272,0.628896111033168,0.08939304212775923,125,0.775086068189377,0.7472461533214012,0.7611661107553891,0.013919957433987884
0.04598414897918701,0.00867927074432373,0.005357146263122559,2.3245811462402344e-05,7,2,20,0.1,"{'depth': 7, 'iterations': 2, 'l2_leaf_reg': 20, 'learning_rate': 0.1}",0.5395030689054088,0.7232204334420984,0.6313617511737536,0.09185868226834482,101,0.7758159623906733,0.7526129229730774,0.7642144426818753,0.01160151970879797
0.05168461799621582,0.012640953063964844,0.005393624305725098,0.00018918514251708984,7,2,20,0.9,"{'depth': 7, 'iterations': 2, 'l2_leaf_reg': 20, 'learning_rate': 0.9}",0.5511427386592321,0.7234366151605855,0.6372896769099088,0.08614693825067671,85,0.8224833481649272,0.7736303023666207,0.7980568252657739,0.024426522899153258
0.05612623691558838,0.0033577680587768555,0.007705092430114746,0.0019515752792358398,7,3,1,0.01,"{'depth': 7, 'iterations': 3, 'l2_leaf_reg': 1, 'learning_rate': 0.01}",0.5633864953800363,0.7390803512840566,0.6512334233320465,0.08784692795201016,70,0.8577609686379204,0.8171308472117751,0.8374459079248477,0.020315060713072652
0.0520704984664917,0.011172652244567871,0.005631685256958008,0.0002605915069580078,7,3,1,0.1,"{'depth': 7, 'iterations': 3, 'l2_leaf_reg': 1, 'learning_rate': 0.1}",0.5521471566622803,0.7306883657381189,0.6414177612001997,0.0892706045379193,80,0.8707938947765823,0.8076135602713634,0.8392037275239729,0.031590167252609436
0.06051433086395264,0.007811903953552246,0.005732178688049316,0.0002053976058959961,7,3,1,0.9,"{'depth': 7, 'iterations': 3, 'l2_leaf_reg': 1, 'learning_rate': 0.9}",0.6743482054218826,0.7528305872412336,0.713589396331558,0.03924119090967554,1,0.8856367248244928,0.8576271140799835,0.8716319194522382,0.01400480537225468
0.044655442237854004,0.01322638988494873,0.006508231163024902,0.0010722875595092773,7,3,5,0.01,"{'depth': 7, 'iterations': 3, 'l2_leaf_reg': 5, 'learning_rate': 0.01}",0.5576660700597266,0.7362290896996828,0.6469475798797046,0.08928150981997812,73,0.8475163821697274,0.8126212886350864,0.8300688354024068,0.017447546767320465
0.059096455574035645,0.011125922203063965,0.00908970832824707,0.003935098648071289,7,3,5,0.1,"{'depth': 7, 'iterations': 3, 'l2_leaf_reg': 5, 'learning_rate': 0.1}",0.5564179527824803,0.730706343427806,0.6435621481051432,0.08714419532266288,76,0.8577353504301162,0.7988906521805474,0.8283130013053318,0.029422349124784364
0.052758097648620605,0.016344666481018066,0.009181618690490723,0.0037456750869750977,7,3,5,0.9,"{'depth': 7, 'iterations': 3, 'l2_leaf_reg': 5, 'learning_rate': 0.9}",0.5374659583978859,0.7320600634612446,0.6347630109295652,0.09729705253167936,95,0.8788923945383779,0.855078369737128,0.8669853821377529,0.011907012400624917
0.049563050270080566,0.009100556373596191,0.011522889137268066,0.0018624067306518555,7,3,10,0.01,"{'depth': 7, 'iterations': 3, 'l2_leaf_reg': 10, 'learning_rate': 0.01}",0.5972360104050165,0.7162441909590198,0.6567401006820182,0.05950409027700165,62,0.834548175713939,0.791186074942688,0.8128671253283135,0.02168105038562551
0.055579543113708496,0.023415684700012207,0.012098193168640137,0.00016748905181884766,7,3,10,0.1,"{'depth': 7, 'iterations': 3, 'l2_leaf_reg': 10, 'learning_rate': 0.1}",0.5621087571965339,0.7306901635070877,0.6463994603518108,0.08429070315527692,74,0.8492543753202276,0.784797384025176,0.8170258796727018,0.032228495647525834
0.0648730993270874,0.0093003511428833,0.017115235328674316,0.01072227954864502,7,3,10,0.9,"{'depth': 7, 'iterations': 3, 'l2_leaf_reg': 10, 'learning_rate': 0.9}",0.5722687280423813,0.7272923801562261,0.6497805540993037,0.07751182605692242,72,0.8694774784492445,0.8501235999633778,0.8598005392063112,0.009676939242933336
0.10959315299987793,0.03601574897766113,0.015102148056030273,0.009352684020996094,7,3,15,0.01,"{'depth': 7, 'iterations': 3, 'l2_leaf_reg': 15, 'learning_rate': 0.01}",0.607913898308736,0.7159331769274331,0.6619235376180845,0.054009639309348545,40,0.8234793121735926,0.7835115674126947,0.8034954397931436,0.019983872380448964
0.0650644302368164,0.00011444091796875,0.018704652786254883,0.004888772964477539,7,3,15,0.1,"{'depth': 7, 'iterations': 3, 'l2_leaf_reg': 15, 'learning_rate': 0.1}",0.5942258980071414,0.7306029717121052,0.6624144348596233,0.06818853685248188,39,0.8415032944116352,0.775000044880161,0.8082516696458981,0.033251624765737064
0.10320127010345459,0.02707350254058838,0.005292773246765137,8.738040924072266e-05,7,3,15,0.9,"{'depth': 7, 'iterations': 3, 'l2_leaf_reg': 15, 'learning_rate': 0.9}",0.5742430063245124,0.7293328479357118,0.6517879271301121,0.07754492080559972,69,0.8720091865994302,0.8487080796856235,0.8603586331425268,0.011650553456903356
0.052441954612731934,0.0004049539566040039,0.005272984504699707,3.445148468017578e-05,7,3,20,0.01,"{'depth': 7, 'iterations': 3, 'l2_leaf_reg': 20, 'learning_rate': 0.01}",0.602973490186504,0.7156635115821266,0.6593185008843153,0.05634501069781128,52,0.8108050409441883,0.7748137922120355,0.7928094165781119,0.01799562436607638
0.06267273426055908,0.007619976997375488,0.00524294376373291,4.3511390686035156e-05,7,3,20,0.1,"{'depth': 7, 'iterations': 3, 'l2_leaf_reg': 20, 'learning_rate': 0.1}",0.605817545988701,0.7159511546171202,0.6608843503029106,0.05506680431420963,47,0.8227148109196486,0.7795396731647157,0.8011272420421822,0.021587568877466434
0.07483351230621338,0.03392159938812256,0.008216142654418945,0.002977132797241211,7,3,20,0.9,"{'depth': 7, 'iterations': 3, 'l2_leaf_reg': 20, 'learning_rate': 0.9}",0.518816456298392,0.7240680815108451,0.6214422689046186,0.10262581260622655,132,0.8691552283616033,0.8443008478760015,0.8567280381188024,0.012427190242800923
